{
  "UCF101": {
    "timesformer": {
      "10_vs_25": {
        "t_stat": -1.682533646767161,
        "p_value": 0.09405824422985719,
        "df": 195.93775065450467,
        "mean1": 0.7428508019801981,
        "mean2": 0.794089287128713,
        "d": -0.23676530855829572
      },
      "10_vs_50": {
        "t_stat": -2.7855849792082714,
        "p_value": 0.005882150026507745,
        "df": 190.84723008549906,
        "mean1": 0.7428508019801981,
        "mean2": 0.825029386138614,
        "d": -0.39198615040170415
      },
      "10_vs_75": {
        "t_stat": -3.1262350320407846,
        "p_value": 0.0020517550581219506,
        "df": 188.04710947736555,
        "mean1": 0.7428508019801981,
        "mean2": 0.8338509702970298,
        "d": -0.4399222585587443
      },
      "10_vs_100": {
        "t_stat": -3.1780848460037703,
        "p_value": 0.001734295809498017,
        "df": 187.46570941442306,
        "mean1": 0.7428508019801981,
        "mean2": 0.8351225643564358,
        "d": -0.4472185389185601
      },
      "25_vs_50": {
        "t_stat": -1.1398495221574871,
        "p_value": 0.255720411427497,
        "df": 198.80747065465863,
        "mean1": 0.794089287128713,
        "mean2": 0.825029386138614,
        "d": -0.16039906503040088
      },
      "25_vs_75": {
        "t_stat": -1.4882786635702385,
        "p_value": 0.13827225900169518,
        "df": 197.5133826319114,
        "mean1": 0.794089287128713,
        "mean2": 0.8338509702970298,
        "d": -0.20942984271249998
      },
      "25_vs_100": {
        "t_stat": -1.540574111488989,
        "p_value": 0.12502351980966536,
        "df": 197.2063994069608,
        "mean1": 0.794089287128713,
        "mean2": 0.8351225643564358,
        "d": -0.21678883246374075
      },
      "50_vs_75": {
        "t_stat": -0.34423878485669085,
        "p_value": 0.7310288321872358,
        "df": 199.7544793951955,
        "mean1": 0.825029386138614,
        "mean2": 0.8338509702970298,
        "d": -0.04844111276522137
      },
      "50_vs_100": {
        "t_stat": -0.3951697934724193,
        "p_value": 0.6931394698240267,
        "df": 199.6485271016624,
        "mean1": 0.825029386138614,
        "mean2": 0.8351225643564358,
        "d": -0.05560809928775415
      },
      "75_vs_100": {
        "t_stat": -0.05068814905298725,
        "p_value": 0.9596246096546625,
        "df": 199.99045280728083,
        "mean1": 0.8338509702970298,
        "mean2": 0.8351225643564358,
        "d": -0.00713281144412098
      }
    },
    "videomae": {
      "10_vs_25": {
        "t_stat": -1.8244816210426,
        "p_value": 0.06959169621295912,
        "df": 197.31583270965655,
        "mean1": 0.6057314993792609,
        "mean2": 0.6757130673275512,
        "d": -0.25674015779422327
      },
      "10_vs_50": {
        "t_stat": -5.342046431749396,
        "p_value": 2.72066447786488e-07,
        "df": 182.073104429707,
        "mean1": 0.6057314993792609,
        "mean2": 0.7946373203964544,
        "d": -0.7517301506428183
      },
      "10_vs_75": {
        "t_stat": -6.5980800996263635,
        "p_value": 4.891190322786297e-10,
        "df": 172.94838596127403,
        "mean1": 0.6057314993792609,
        "mean2": 0.8321194706300813,
        "d": -0.9284785916061816
      },
      "10_vs_100": {
        "t_stat": -7.602982900309908,
        "p_value": 2.1684774670207236e-12,
        "df": 162.93855836401198,
        "mean1": 0.6057314993792609,
        "mean2": 0.8593053480081909,
        "d": -1.0698880202568888
      },
      "25_vs_50": {
        "t_stat": -3.6206309371273675,
        "p_value": 0.00037597805109611205,
        "df": 191.9612293288685,
        "mean1": 0.6757130673275512,
        "mean2": 0.7946373203964544,
        "d": -0.5094934075474703
      },
      "25_vs_75": {
        "t_stat": -4.932067462273625,
        "p_value": 1.8099059442231174e-06,
        "df": 184.25281843601687,
        "mean1": 0.6757130673275512,
        "mean2": 0.8321194706300813,
        "d": -0.6940381113799767
      },
      "25_vs_100": {
        "t_stat": -5.9857306433638735,
        "p_value": 1.1936157528159265e-08,
        "df": 174.58839149784657,
        "mean1": 0.6757130673275512,
        "mean2": 0.8593053480081909,
        "d": -0.8423090768175383
      },
      "50_vs_75": {
        "t_stat": -1.3378981323621364,
        "p_value": 0.1824620941966589,
        "df": 198.27455565184437,
        "mean1": 0.7946373203964544,
        "mean2": 0.8321194706300813,
        "d": -0.18826836820584844
      },
      "50_vs_100": {
        "t_stat": -2.4100849139373732,
        "p_value": 0.016887797592839194,
        "df": 192.89992457970172,
        "mean1": 0.7946373203964544,
        "mean2": 0.8593053480081909,
        "d": -0.3391459656075705
      },
      "75_vs_100": {
        "t_stat": -1.068992109013325,
        "p_value": 0.2863746897796783,
        "df": 198.00559507669604,
        "mean1": 0.8321194706300813,
        "mean2": 0.8593053480081909,
        "d": -0.1504280446475664
      }
    },
    "vivit": {
      "10_vs_25": {
        "t_stat": -2.0842858281323777,
        "p_value": 0.038434282502668754,
        "df": 195.39813955676067,
        "mean1": 0.6938840495049506,
        "mean2": 0.7642276237623765,
        "d": -0.29329967823801684
      },
      "10_vs_50": {
        "t_stat": -3.2985540408133955,
        "p_value": 0.001160231334879107,
        "df": 189.98617454453125,
        "mean1": 0.6938840495049506,
        "mean2": 0.801707673267327,
        "d": -0.4641709048552976
      },
      "10_vs_75": {
        "t_stat": -4.393759962860919,
        "p_value": 1.8855928207702697e-05,
        "df": 182.59282176117426,
        "mean1": 0.6938840495049506,
        "mean2": 0.8330956237623762,
        "d": -0.6182877444006403
      },
      "10_vs_100": {
        "t_stat": -4.614587597034384,
        "p_value": 7.39307558097946e-06,
        "df": 182.88276452219938,
        "mean1": 0.6938840495049506,
        "mean2": 0.8402503663366335,
        "d": -0.6493625006432501
      },
      "25_vs_50": {
        "t_stat": -1.2537200258097192,
        "p_value": 0.21141638798493537,
        "df": 198.76270981365468,
        "mean1": 0.7642276237623765,
        "mean2": 0.801707673267327,
        "d": -0.17642286638778332
      },
      "25_vs_75": {
        "t_stat": -2.3917813111243387,
        "p_value": 0.01771797048717178,
        "df": 194.82239879273743,
        "mean1": 0.7642276237623765,
        "mean2": 0.8330956237623762,
        "d": -0.3365702916077766
      },
      "25_vs_100": {
        "t_stat": -2.6368139960825916,
        "p_value": 0.009043234263388465,
        "df": 195.0088273961319,
        "mean1": 0.7642276237623765,
        "mean2": 0.8402503663366335,
        "d": -0.3710511707108361
      },
      "50_vs_75": {
        "t_stat": -1.139641697455639,
        "p_value": 0.255808532241221,
        "df": 198.5580109377963,
        "mean1": 0.801707673267327,
        "mean2": 0.8330956237623762,
        "d": -0.16036982004040992
      },
      "50_vs_100": {
        "t_stat": -1.3974190728138112,
        "p_value": 0.16384626604130445,
        "df": 198.66025473286325,
        "mean1": 0.801707673267327,
        "mean2": 0.8402503663366335,
        "d": -0.19664412571821568
      },
      "75_vs_100": {
        "t_stat": -0.27118293399491666,
        "p_value": 0.7865300282876286,
        "df": 199.99805346980133,
        "mean1": 0.8330956237623762,
        "mean2": 0.8402503663366335,
        "d": -0.03816072930631603
      }
    }
  },
  "Kinetics400": {
    "timesformer": {
      "10_vs_25": {
        "t_stat": -4.5970598594457455,
        "p_value": 4.981552394007993e-06,
        "df": 796.3830818215282,
        "mean1": 0.58208975,
        "mean2": 0.6444947974999999,
        "d": -0.3250612200134564
      },
      "10_vs_50": {
        "t_stat": -9.452021492361252,
        "p_value": 3.62931252905572e-20,
        "df": 794.5852699447702,