{
  "anova_coverage": {
    "f_statistic": 32.454719362146506,
    "p_value": 4.560286272911874e-24,
    "eta_squared": 0.20612096921338102
  },
  "anova_stride": {
    "f_statistic": 13.004795660918614,
    "p_value": 4.4071938387014604e-10,
    "eta_squared": 0.094234374962387
  },
  "aliasing_sensitivity": {
    "mean_drop": 0.18223257930070275,
    "std_drop": 0.18613912969082805,
    "max_drop": 0.6421052631578947,
    "min_drop": -0.34237288135593225
  },
  "variance_homogeneity": {
    "levene_statistic": 13.11892679148082,
    "p_value": 3.6116391215278104e-10
  },
  "effect_sizes": {
    "aliasing_cohens_d": 1.376513326923694,
    "stride_cohens_d": 0.7609075569952117
  }
}