{
  "anova_coverage": {
    "f_statistic": 8.13795242730592,
    "p_value": 2.310560607958406e-06,
    "eta_squared": 0.061124211984176946
  },
  "anova_stride": {
    "f_statistic": 0.4765020822073043,
    "p_value": 0.7530088126726011,
    "eta_squared": 0.003797540370507944
  },
  "aliasing_sensitivity": {
    "mean_drop": 0.06993774059405938,
    "std_drop": 0.11118013154510493,
    "max_drop": 0.38275860000000006,
    "min_drop": -0.14385979999999998
  },
  "variance_homogeneity": {
    "levene_statistic": 4.2989739186215825,
    "p_value": 0.0019850907274722453
  },
  "effect_sizes": {
    "aliasing_cohens_d": 0.6280508587165177,
    "stride_cohens_d": 0.13363950216364423
  }
}