Coverage,N,Mean,Std,Min,Max,95% CI
10%,202,0.6783643861386138,0.2637206209824,0.0,1.0,"[0.6420, 0.7147]"
25%,202,0.7685610693069307,0.21432558792237985,0.040541,1.0,"[0.7390, 0.7981]"
50%,202,0.801305792079208,0.19600595198289955,0.121622,1.0,"[0.7743, 0.8283]"
75%,202,0.8209774356435644,0.18183008210227952,0.15748,1.0,"[0.7959, 0.8461]"
100%,202,0.8209774356435644,0.18183008210227952,0.15748,1.0,"[0.7959, 0.8461]"
