{
  "anova_coverage": {
    "f_statistic": 65.23398591791447,
    "p_value": 4.425704096494148e-49,
    "eta_squared": 0.20612096921338138
  },
  "anova_stride": {
    "f_statistic": 26.139639278446428,
    "p_value": 1.2158452170121931e-20,
    "eta_squared": 0.0942343749623869
  },
  "aliasing_sensitivity": {
    "mean_drop": 0.18223257930070275,
    "std_drop": 0.18613912969082805,
    "max_drop": 0.6421052631578947,
    "min_drop": -0.34237288135593225
  },
  "variance_homogeneity": {
    "levene_statistic": 26.36904285087644,
    "p_value": 8.087929237430448e-21
  },
  "effect_sizes": {
    "aliasing_cohens_d": 1.3799503193573772,
    "stride_cohens_d": 0.7628074539776624
  }
}