{
  "anova_coverage": {
    "f_statistic": 20.94049755253665,
    "p_value": 5.626521986435342e-16,
    "eta_squared": 0.1434865435140671
  },
  "anova_stride": {
    "f_statistic": 0.791527114593784,
    "p_value": 0.5310205994523607,
    "eta_squared": 0.00629237225073761
  },
  "aliasing_sensitivity": {
    "mean_drop": 0.13019534653465348,
    "std_drop": 0.15205565156592082,
    "max_drop": 0.5614678,
    "min_drop": -0.36271180000000003
  },
  "variance_homogeneity": {
    "levene_statistic": 9.183407498661703,
    "p_value": 3.636745749280253e-07
  },
  "effect_sizes": {
    "aliasing_cohens_d": 1.0477235533949996,
    "stride_cohens_d": 0.22316189207136816
  }
}